{
    "accuracy": 0.8268156424581006,
    "precision": 0.8208955223880597,
    "recall": 0.7432432432432432,
    "f1_score": 0.7801418439716312
}